question,topic,time,answer,correctness,workerId,assignmentId,hitId,turkSubmitTo,topic_confidence,question_confidence,comment,topic_confidence_time_delta,submit_time_delta
ObjectID(5552e7ff72456622d946ad38),"Random forest",2015-06-21T21:13:20.558Z,1,true,"A3C7KGF8I37220","3TXWC2NHNZQ6JX1AKB5SBIWT9K5S9W","351S7I5UG8VWNCPK8PAHDZ56J0BJNN","https://www.mturk.com",3,3,"",15444,52554
ObjectID(5552e81372456622d7ff5dd4),"Latent Dirichlet allocation",2015-06-21T21:13:21.946Z,1,false,"A1MADOUB1BA0A5","3R9WASFE2ZGCLJE1IPZSH7F7ZXZZFZ","3RIHDBQ1NDXUEO9U8OSWO70R1IXMHL","https://www.mturk.com",1,1,"",9453,33956
ObjectID(5552ecf072456622d829884e),"Convex function",2015-06-21T21:13:44.595Z,2,false,"A1MADOUB1BA0A5","3FE7TXL1LINJ6X1Y7Y186V9ELQB2QQ","3AQN9REUTEFDWPT65VXHRH80I0HYDD","https://www.mturk.com",1,1,"",4184,18484
ObjectID(555197b472456622d829883a),"Reinforcement learning",2015-06-21T21:13:46.201Z,0,true,"AOAZMLP27GD81","35L9RVQFCOIFDGBX7SOK30C5DUYUH4","3CVDZS288GZA0SIODY4WLMOEL3KMFN","https://www.mturk.com",3,4,"",14019,99087
ObjectID(5552e81372456622d7ff5dd4),"Latent Dirichlet allocation",2015-06-21T21:13:50.201Z,0,true,"A2ZRF4I5RTKN7G","304SM51WA34P7QG7IVJO2ORJXK8SB6","3RIHDBQ1NDXUEO9U8OSWO70R1IXMHL","https://www.mturk.com",1,3,"",9729,40952
ObjectID(5552e8d072456622d7ff5dde),"Newton's method",2015-06-21T21:14:24.376Z,2,true,"A2ZRF4I5RTKN7G","308Q0PEVB8DHPJYEFZBE7GQ60M39IL","38B7Q9C28F4ZAF6JNWXNMU5HS5A695","https://www.mturk.com",1,2,"",5783,29814
ObjectID(5552e7ff72456622d946ad38),"Random forest",2015-06-21T21:15:02.201Z,1,true,"A2ZRF4I5RTKN7G","3KGTPGBS6XLBYQ8FO7LDGW63OBH2UV","351S7I5UG8VWNCPK8PAHDZ56J0BJNN","https://www.mturk.com",1,3,"",2840,35974
ObjectID(5552e81372456622d7ff5dd4),"Latent Dirichlet allocation",2015-06-21T21:15:16.780Z,3,false,"A2DPKKEEW2I6QK","3AMW0RGHOD2UV7PCT4K3YEM2RPFPNC","3RIHDBQ1NDXUEO9U8OSWO70R1IXMHL","https://www.mturk.com",3,4,"",9315,18036
ObjectID(5552e8d072456622d7ff5dde),"Newton's method",2015-06-21T21:15:51.986Z,0,false,"A36CA84QRHPL2Z","3NXNZ5RS1AXK0ZHIW87HGR0XM6S79O","38B7Q9C28F4ZAF6JNWXNMU5HS5A695","https://www.mturk.com",2,2,"",7365,47724
ObjectID(555197b472456622d829883a),"Reinforcement learning",2015-06-21T21:15:53.296Z,0,true,"A1F1BIPJR11LSR","37QW5D2ZRGM65SI0FJZEBM1IPENS87","3CVDZS288GZA0SIODY4WLMOEL3KMFN","https://www.mturk.com",3,3,"",7815,79646
ObjectID(5552e7ff72456622d946ad38),"Random forest",2015-06-21T21:16:14.215Z,1,true,"A1G187YBG0DVMQ","37ZHEEHM6WMYLXS2FZ67PEXBMEI737","351S7I5UG8VWNCPK8PAHDZ56J0BJNN","https://www.mturk.com",2,2,"",4118,18417
ObjectID(5552e8d072456622d7ff5dde),"Newton's method",2015-06-21T21:17:58.181Z,1,false,"A3IPMSDYZPFVIL","3NPFYT4IZC4TUOAHSRHP27Z8SC2XG0","38B7Q9C28F4ZAF6JNWXNMU5HS5A695","https://www.mturk.com",4,4,"YOU HAVE TO GIVE AN EXAMPLES HOW TO USE THESE METHODS",6675,192049
ObjectID(5552ecf072456622d829884e),"Convex function",2015-06-21T21:21:22.458Z,3,true,"A2JUIW09ZP5KFS","3ZWFC4W1UU73JSSA885FV4D8QGHFRN","3AQN9REUTEFDWPT65VXHRH80I0HYDD","https://www.mturk.com",2,1,"",42126,80567
ObjectID(5552ecf072456622d829884e),"Convex function",2015-06-21T21:24:54.111Z,1,false,"A1GXPNXDLMT0QB","36TFCYNS44A7UK5SCXZ7N7B97CFXHZ","3AQN9REUTEFDWPT65VXHRH80I0HYDD","https://www.mturk.com",1,1,"",6533,21716
ObjectID(555197b472456622d829883a),"Reinforcement learning",2015-06-21T21:37:38.010Z,2,false,"AHLEIW6IVQ98T","3WR9XG3T63BJ3TB6FDBQZJPH0EF47Q","3CVDZS288GZA0SIODY4WLMOEL3KMFN","https://www.mturk.com",2,1,"",15826,58917
ObjectID(555197b472456622d829883a),"Reinforcement learning",2015-06-22T17:51:42.977Z,2,false,"ANA6D4XJOMR4I","3OHYZ19UGC55QOJM502JN8XCIFHOAB","3HXCEECSQLSGZQY2XDMEI9R36KJYZ8","https://www.mturk.com",3,3,"Rating Overhead:False
Rating Confusion:False
Rating Comment:One rates what we think before we answer, the next rates how confident we are in our answer.
Comment:",11686,126359
ObjectID(555197b472456622d829883a),"Reinforcement learning",2015-06-22T18:30:28.995Z,2,false,"A38HFMRXB5Q13M","34V1S5K3GS11WZ3DDY2PAD01RX896V","3HXCEECSQLSGZQY2XDMEI9R36KJYZ8","https://www.mturk.com",3,4,"Rating Overhead:True
Rating Confusion:False
Rating Comment:One is about confidence on the subject in general, and the second rating is about confidence for the specific question. Just because somebody knows the answer to one question, doesn't mean they know a lot about the topic as a whole.
Comment:",8580,70353
ObjectID(555197b472456622d829883a),"Reinforcement learning",2015-06-23T17:10:25.800Z,0,false,"ABHA647LPZW6O","32RIADZISS45MRVY3G91UALDNYL4SI","3X878VYTIDHRFPB19S2724ROQHUF7G","https://www.mturk.com",2,1,"Rating Overhead:False
Rating Confusion:True
Rating Comment:The first one was how confident I am in the topic and the second one was how sure I was in my answer
Comment:",11787,86922
ObjectID(555197b472456622d829883a),"Reinforcement learning",2015-06-23T17:25:59.863Z,3,true,"AKLV0WIZZ356X","3TXD01ZLD4HL14N2SL419B318V64UY","3X878VYTIDHRFPB19S2724ROQHUF7G","https://www.mturk.com",3,2,"Rating Overhead:True
Rating Confusion:False
Rating Comment:The first one is how you feel before the answers are shown and the 2nd one is after.
Comment:",71616,146922
ObjectID(555197b472456622d829883a),"Reinforcement learning",2015-06-24T12:20:48.603Z,3,false,"A2WCXJZEXXR60A","308XBLVESI4D6BGU36JJCEMNBSTBRP","3X878VYTIDHRFPB19S2724ROQHUF7G","https://www.mturk.com",4,4,"Rating Overhead:True
Rating Confusion:False
Rating Comment:The first is a question of confidence in ability to do something before knowing the actual question while the second applies to my already knowing the information.
Comment:",43923,270126
ObjectID(555197b472456622d829883a),"Reinforcement learning",2015-06-24T12:28:46.907Z,3,false,"A2LGYPH2OXPXPG","3A7Y0R2P2OO3LQ0I0X2SZKROKENJXE","3X878VYTIDHRFPB19S2724ROQHUF7G","https://www.mturk.com",5,4,"Rating Overhead:False
Rating Confusion:False
Rating Comment:One rating was how the knowledge was based and the other was the confidence rating.
Comment:",17299,68757
ObjectID(5552e81372456622d7ff5dd4),"Latent Dirichlet allocation",2015-06-30T02:24:58.444Z,2,false,"AHSXMZBNS9BPA","3EWIJTFFVO7NDK8FJK2UTQRL5IP0E0","3KA7IJSNW54Q8E3L0CASJ0ROCGIPBW","https://www.mturk.com",1,3,"Wow - totally something I've never heard of before - got to go look that up afterwards",10762,231490
ObjectID(5552e7ff72456622d946ad38),"Random forest",2015-06-30T02:25:31.631Z,0,false,"A3329OQT52I6TJ","3OHYZ19UGC55QOJM502JN8XCI67OAJ","3UEDKCTP9UP2VB3FA3T4IHJTZGM7KS","https://www.mturk.com",4,5,"good onr",3078,84752
ObjectID(559831a67245661158e41924),"Word embedding",2015-07-06T02:01:39.046Z,0,true,"","ASSIGNMENT_ID_NOT_AVAILABLE","371Q3BEXDG8J34MTY7UP0N32RIKSZP","",3,2,"Very long option may the right one",3993,138794
ObjectID(5552e7ff72456622d946ad38),"Random forest",2015-06-30T02:28:25.529Z,3,true,"AHSXMZBNS9BPA","35K3O9HUABDEAON5M2LFWXEPBKFFEK","3UEDKCTP9UP2VB3FA3T4IHJTZGM7KS","https://www.mturk.com",1,4,"",11860,60925
ObjectID(555197b472456622d829883a),"Reinforcement learning",2015-06-30T02:30:47.689Z,3,false,"AHSXMZBNS9BPA","3ERMJ6L4DYSZ7J0CLHBMLD6HMYN7MX","33W1NHWFYGKKI4Z8N7ZFASZOSMPTZB","https://www.mturk.com",5,5,"",3364,132743
ObjectID(5552e7ff72456622d946ad38),"Random forest",2015-06-30T02:31:20.871Z,3,true,"A14WQAFI1ELANM","3JPSL1DZ5SZN83JA4L268JX7SW3NA4","3UEDKCTP9UP2VB3FA3T4IHJTZGM7KS","https://www.mturk.com",1,4,"Nothing is wrong with the question - it would be better if the connecting verb like ""are"" in this example is placed in the question rather than in the answer. This would help the user understand the aspect of the question clearly.",3605,264083
ObjectID(5552e81372456622d7ff5dd4),"Latent Dirichlet allocation",2015-06-30T02:39:33.006Z,3,false,"AYIL59V88XRJ1","3SBEHTYCWN3WQK6MNB3U6XJX9OCIYT","3KA7IJSNW54Q8E3L0CASJ0ROCGIPBW","https://www.mturk.com",5,2,"no",38768,271850
ObjectID(555197b472456622d829883a),"Reinforcement learning",2015-06-30T02:42:30.334Z,2,true,"AYIL59V88XRJ1","3L4D84MILZS6Z003VTK6WY3UW7OJH7","33W1NHWFYGKKI4Z8N7ZFASZOSMPTZB","https://www.mturk.com",5,1,"no",5346,162044
ObjectID(555197b472456622d829883a),"Reinforcement learning",2015-06-30T02:56:34.592Z,1,false,"ARVA2BWM2ISPM","36ZN444YTRYKW62KHOUW46LVVEEOIP","33W1NHWFYGKKI4Z8N7ZFASZOSMPTZB","https://www.mturk.com",4,4,"",11008,265884
ObjectID(5552e81372456622d7ff5dd4),"Latent Dirichlet allocation",2015-06-30T02:59:44.006Z,3,false,"ARVA2BWM2ISPM","3Z7EFSHGN9EGDCUCQ5L6CGETUD0CXH","3KA7IJSNW54Q8E3L0CASJ0ROCGIPBW","https://www.mturk.com",2,2,"",4717,144661
ObjectID(559841347245661acab794ae),"Singular value decomposition",2015-07-05T17:24:29.829Z,0,true,"AE5VGQ7G4FKI","3LJ7UR74RHD86E3TVKR8XY4WU7VN4B","3RQVKZ7ZRJI7EVZPLXMTJ2PQXPH72E","https://workersandbox.mturk.com",4,2,"",2684,63722
ObjectID(559841477245661157096128),"Eigenvalues and eigenvectors",2015-07-05T17:53:52.118Z,0,true,"A3663GWFTW4ZNR","39LOEL67OS52LBXLP4YD3ET7Y6I383","335VBRURDIZ3NUZYTEGLYIXUBL0E92","https://www.mturk.com",1,1,"",18707,156448
ObjectID(559841477245661157096128),"Eigenvalues and eigenvectors",2015-07-05T18:06:21.269Z,0,true,"A35BY30TC8WCL4","3Q5C1WP23M1NOQ0442DR314JYW351B","335VBRURDIZ3NUZYTEGLYIXUBL0E92","https://www.mturk.com",1,1,"",5122,60466
ObjectID(559841347245661acab794ae),"Singular value decomposition",2015-07-05T18:07:43.961Z,3,false,"A35BY30TC8WCL4","30MVJZJNHMDDKUIKXHWEJH57E9LJ9J","33N1S8XHHLKJ9KNZLOF54MGT1FKZ1J","https://www.mturk.com",1,1,"",7108,64621
ObjectID(559841477245661157096128),"Eigenvalues and eigenvectors",2015-07-05T18:19:13.329Z,0,true,"A113XUGG5FPUZJ","3I3WADAZ9Q48KI75A4B2FXHRR7DO5H","335VBRURDIZ3NUZYTEGLYIXUBL0E92","https://www.mturk.com",1,1,"",26377,230505
ObjectID(5598415a7245661acab794b5),"Invertible matrix",2015-07-05T18:32:58.877Z,3,true,"A1F1P05U6J19QK","33L7PJKHCGY7KSVF4J44LRX5S5WT8B","3MDKGGG61PMIUUFXL224DU6TOUET6V","https://www.mturk.com",2,3,"",2873,116252
ObjectID(559841477245661157096128),"Eigenvalues and eigenvectors",2015-07-05T18:35:23.592Z,1,false,"A8NFLCEXUSFDM","3VNL7UK1XFJGZ752CXAAVJERF99TFS","335VBRURDIZ3NUZYTEGLYIXUBL0E92","https://www.mturk.com",3,4,"",27704,110722
ObjectID(5598415a7245661acab794b5),"Invertible matrix",2015-07-05T18:56:27.847Z,0,false,"AMZKHECCNDIG3","3M81GAB8A0JDUA1UQRUJ7OCJG4KBQG","3MDKGGG61PMIUUFXL224DU6TOUET6V","https://www.mturk.com",1,1,"Nothing wrong with the question, just the person answering it!",16900,311729
ObjectID(559841347245661acab794ae),"Singular value decomposition",2015-07-05T19:18:37.158Z,3,false,"A3O1BAJA7I49F1","3CTOC39K37Q96BURIKYU5LE1JJ1J7B","33N1S8XHHLKJ9KNZLOF54MGT1FKZ1J","https://www.mturk.com",1,1,"None actually had grammatical errors",10767,153071
ObjectID(5598415a7245661acab794b5),"Invertible matrix",2015-07-05T19:26:17.214Z,2,false,"A2FI2VTA8JVYS6","3EWIJTFFVO7NDK8FJK2UTQRM6X00E8","3MDKGGG61PMIUUFXL224DU6TOUET6V","https://www.mturk.com",4,4,"",5601,70569
ObjectID(559841347245661acab794ae),"Singular value decomposition",2015-07-05T19:27:02.248Z,0,true,"A2FI2VTA8JVYS6","3Q5ZZ9ZEVOF5ZQKP3NM6IBRRC2D58Z","33N1S8XHHLKJ9KNZLOF54MGT1FKZ1J","https://www.mturk.com",4,3,"",3410,41604
ObjectID(5598415a7245661acab794b5),"Invertible matrix",2015-07-05T19:27:14.350Z,3,true,"A3LUWALKHGWNO9","3R6BYFZZP7CNGOEMH7B7KMZXS50FX0","3MDKGGG61PMIUUFXL224DU6TOUET6V","https://www.mturk.com",4,4,"No",88127,324876
ObjectID(559841347245661acab794ae),"Singular value decomposition",2015-07-05T19:33:28.214Z,3,false,"A1HXEIZ2JHXQ16","37TRT2X24QRW8NXHV1AAAN0X29TJBY","33N1S8XHHLKJ9KNZLOF54MGT1FKZ1J","https://www.mturk.com",1,1,"",6544,182046
ObjectID(559841347245661acab794ae),"Singular value decomposition",2015-07-05T19:38:20.584Z,1,false,"A3LUWALKHGWNO9","3LEIZ60CDJZ3K9NOF3Z07BTXX749Z0","33N1S8XHHLKJ9KNZLOF54MGT1FKZ1J","https://www.mturk.com",1,2,"No",56044,325078
ObjectID(559841477245661157096128),"Eigenvalues and eigenvectors",2015-07-05T20:16:22.002Z,3,false,"AE1FU6Q62VA10","3B837J3LDOWCNXXWES5E23WOGEBRS1","335VBRURDIZ3NUZYTEGLYIXUBL0E92","https://www.mturk.com",2,1,"I know nothing about the subject matter.",5480,83262
ObjectID(5598415a7245661acab794b5),"Invertible matrix",2015-07-05T20:40:51.509Z,3,true,"A2VJZZPAHHKAOW","3AAPLD8UCCH0D3W87NYAY4Q4VOTTHX","3MDKGGG61PMIUUFXL224DU6TOUET6V","https://www.mturk.com",3,1,"",17490,97832
ObjectID(559841a47245661157096131),"Riemannian manifold",2015-07-05T23:10:25.920Z,1,true,"A2ESBX4C2Q6TQY","32M8BPYGATMW4TLMT5HOZXCU578GIC","3W31J70BARV87SYB1K1FY3B7154CKA","https://www.mturk.com",1,1,"",10623,147329
ObjectID(559841817245661acab794bc),"Euclidean plane isometry",2015-07-05T23:11:02.959Z,0,true,"AD5IKFAK8KN4P","3QRYMNZ7FYHSNZIJALTN3ON0H09NT7","3Y7LTZE0YSLZIHEXNCPPFOLQCEOUZO","https://www.mturk.com",4,5,"",13863,160437
ObjectID(559841ca724566115b849836),"Pseudovector",2015-07-05T23:14:06.941Z,2,false,"A3K6NI3B84FUVP","3X31TUMD7XM1QF3PWPTYKQ0GKMIL1U","36FQTHX3Z2QJ1PYY2EDL6XON8YJ3BK","https://www.mturk.com",1,1,"",19218,335564
ObjectID(559841b57245661acab794c4),"Real analysis",2015-07-05T23:14:58.763Z,0,true,"AD5IKFAK8KN4P","3Z3ZLGNNSIU8RFXHBYFDP5E7SCK3QU","3EHIMLB7F6YFTZ7QENIDJPZWJXG8HX","https://www.mturk.com",5,5,"",72519,192495
ObjectID(559841ca724566115b849836),"Pseudovector",2015-07-05T23:16:29.583Z,1,true,"AJEL3XCKWHWFX","3P4RDNWND566VVBN1B2RWA4AXZPJIJ","36FQTHX3Z2QJ1PYY2EDL6XON8YJ3BK","https://www.mturk.com",1,2,"",8882,293867
ObjectID(559841dc724566115709613a),"Ordinary differential equation",2015-07-05T23:16:49.201Z,1,true,"A1FGKIKJYSL1MI","3PJ71Z61R426PD2G7SQ8FH9LKS291M","3W9XHF7WGJUPT90MN6W5NDBBPR4KT1","https://www.mturk.com",1,3,"",11923,171476
ObjectID(559841ca724566115b849836),"Pseudovector",2015-07-05T23:19:26.226Z,1,true,"AD5IKFAK8KN4P","3A4NIXBJ76ZYM4PEPBCW4IOJIXEML4","36FQTHX3Z2QJ1PYY2EDL6XON8YJ3BK","https://www.mturk.com",4,4,"",12348,168719
ObjectID(559841b57245661acab794c4),"Real analysis",2015-07-05T23:20:15.340Z,0,true,"A1FGKIKJYSL1MI","32UTUBMZ7GW5ZIXBCQOTDBBRXWCBVN","3EHIMLB7F6YFTZ7QENIDJPZWJXG8HX","https://www.mturk.com",1,5,"",1901,201632
ObjectID(559841a47245661157096131),"Riemannian manifold",2015-07-05T23:24:55.561Z,1,true,"A1FGKIKJYSL1MI","3PH3VY7DJLXEW50W8E9SLV18V80ZWR","3W31J70BARV87SYB1K1FY3B7154CKA","https://www.mturk.com",1,4,"",4130,283092
ObjectID(5598416f724566115b84982e),"Rigid transformation",2015-07-05T23:26:50.301Z,2,true,"A1FGKIKJYSL1MI","39OWYR0EPKRCGT4WM3X93066UB7FYJ","3XH7ZM9YX1TSWY43FK0LXPWDQCV9RJ","https://www.mturk.com",1,4,"",7484,113613
ObjectID(5598416f724566115b84982e),"Rigid transformation",2015-07-05T23:27:30.913Z,3,false,"A35BY30TC8WCL4","3UJ1CZ6IZHPNIAZYHLSBZ2RSOWX5SC","3XH7ZM9YX1TSWY43FK0LXPWDQCV9RJ","https://www.mturk.com",1,1,"",10427,49178
ObjectID(559841817245661acab794bc),"Euclidean plane isometry",2015-07-05T23:28:32.845Z,0,true,"A35BY30TC8WCL4","3WSELTNVR32L3GOU1HOIHI30ITCATC","3Y7LTZE0YSLZIHEXNCPPFOLQCEOUZO","https://www.mturk.com",1,2,"",4743,44465
ObjectID(5598416f724566115b84982e),"Rigid transformation",2015-07-05T23:29:06.350Z,2,true,"A1DSL9NW0V4Z1U","3WOKGM4L71G9PBL4DY5QY2L0AZJ0OP","3XH7ZM9YX1TSWY43FK0LXPWDQCV9RJ","https://www.mturk.com",1,5,"",15368,85710
ObjectID(559841b57245661acab794c4),"Real analysis",2015-07-05T23:29:29.834Z,0,true,"A35BY30TC8WCL4","34J10VATJFYNHIF0W1M0TBGWBUHQIH","3EHIMLB7F6YFTZ7QENIDJPZWJXG8HX","https://www.mturk.com",1,3,"",1551,43413
ObjectID(559841817245661acab794bc),"Euclidean plane isometry",2015-07-05T23:29:55.919Z,0,true,"A1FGKIKJYSL1MI","3YHH42UU5BF1JQI706PY6LH6FUE0L8","3Y7LTZE0YSLZIHEXNCPPFOLQCEOUZO","https://www.mturk.com",1,5,"",3202,186566
ObjectID(559841ee7245661acab794cc),"Ellipse",2015-07-05T23:32:09.874Z,1,true,"A1FGKIKJYSL1MI","33CID57104TX0IH4JT7H8JFDI6Y3L6","391FPZIE4BLDRWE3HQJIFHHLGO7HUL","https://www.mturk.com",3,5,"",6524,133661
ObjectID(559841ca724566115b849836),"Pseudovector",2015-07-05T23:34:27.951Z,1,true,"A1FGKIKJYSL1MI","3TPZPLC3M0CNR3W2BL0OP0OXNGZ3P4","36FQTHX3Z2QJ1PYY2EDL6XON8YJ3BK","https://www.mturk.com",1,5,"",6390,137992
ObjectID(559841817245661acab794bc),"Euclidean plane isometry",2015-07-05T23:37:28.448Z,3,false,"A3P74FP62XNVYI","3K9FOBBF2HJ44MAE1CRWHXDJNNPLN4","3Y7LTZE0YSLZIHEXNCPPFOLQCEOUZO","https://www.mturk.com",2,1,"You might want to add a I don't know option to whether or not the question is reasonable.",51499,413841
ObjectID(559841ee7245661acab794cc),"Ellipse",2015-07-05T23:43:39.993Z,1,true,"A1XX38R0SPMHQF","32XVDSJFPZXSLI36F5URPMPACXP2MX","391FPZIE4BLDRWE3HQJIFHHLGO7HUL","https://www.mturk.com",1,3,"",2379,139326
ObjectID(559841ca724566115b849836),"Pseudovector",2015-07-05T23:43:45.555Z,1,true,"A35BY30TC8WCL4","3W8CV64QJ2ZHTONU9HTT74PS1HZH9U","36FQTHX3Z2QJ1PYY2EDL6XON8YJ3BK","https://www.mturk.com",1,1,"",5531,34835
ObjectID(559841ee7245661acab794cc),"Ellipse",2015-07-05T23:45:22.802Z,1,true,"A35BY30TC8WCL4","3NL0RFNU0FN7Y8IQY70Z3OU476P4KP","391FPZIE4BLDRWE3HQJIFHHLGO7HUL","https://www.mturk.com",2,3,"",6463,50476
ObjectID(559841817245661acab794bc),"Euclidean plane isometry",2015-07-05T23:48:21.356Z,0,true,"AO7FM98CP90CL","3B837J3LDOWCNXXWES5E23WOGEMRSC","3Y7LTZE0YSLZIHEXNCPPFOLQCEOUZO","https://www.mturk.com",1,1,"Make it easier",8265,118789
ObjectID(559841b57245661acab794c4),"Real analysis",2015-07-05T23:50:08.621Z,0,true,"AO7FM98CP90CL","3F1567XTNW5U6HMXS7GNGIHTS4VQ9Z","3EHIMLB7F6YFTZ7QENIDJPZWJXG8HX","https://www.mturk.com",1,1,"This is hard",2934,70450
ObjectID(559841dc724566115709613a),"Ordinary differential equation",2015-07-05T23:51:14.511Z,1,true,"AO7FM98CP90CL","3IGI0VL647KCA7DBE47O9EHDISUNON","3W9XHF7WGJUPT90MN6W5NDBBPR4KT1","https://www.mturk.com",1,1,"",1873,59267
ObjectID(559841ee7245661acab794cc),"Ellipse",2015-07-05T23:52:13.233Z,1,true,"AO7FM98CP90CL","3TR2532VIPUQ2BGMZAT2Z7E5O8WJ6R","391FPZIE4BLDRWE3HQJIFHHLGO7HUL","https://www.mturk.com",1,1,"",3692,54359
ObjectID(559841ee7245661acab794cc),"Ellipse",2015-07-05T23:52:54.536Z,1,true,"A1C2LRGS40747I","3FFJ6VRIL1OZTPA1F3SLE5PEYQKI0C","391FPZIE4BLDRWE3HQJIFHHLGO7HUL","https://www.mturk.com",3,5,"",44228,137348
ObjectID(5598416f724566115b84982e),"Rigid transformation",2015-07-05T23:53:35.807Z,3,false,"AO7FM98CP90CL","36U2A8VAG1ZNWFWANEO6JDYB27OKYQ","3XH7ZM9YX1TSWY43FK0LXPWDQCV9RJ","https://www.mturk.com",1,1,"",10938,74951
ObjectID(559841a47245661157096131),"Riemannian manifold",2015-07-05T23:55:04.071Z,3,false,"AO7FM98CP90CL","3Y4W8Q93LZKYEFVVQMFZ81ZR0HQDVY","3W31J70BARV87SYB1K1FY3B7154CKA","https://www.mturk.com",1,1,"",1380,82370
ObjectID(559841dc724566115709613a),"Ordinary differential equation",2015-07-05T23:58:14.530Z,1,true,"A1C2LRGS40747I","32SCWG5HIH4MOMJKUNYMW30HX726PE","3W9XHF7WGJUPT90MN6W5NDBBPR4KT1","https://www.mturk.com",1,1,"",2150,68376
ObjectID(559841dc724566115709613a),"Ordinary differential equation",2015-07-06T00:00:46.397Z,1,true,"A1BHHRSKO2MBT3","38JBBYETQOA4C8QG2LPW5THZN9U4E6","3W9XHF7WGJUPT90MN6W5NDBBPR4KT1","https://www.mturk.com",2,2,"",2157,68661
ObjectID(5598416f724566115b84982e),"Rigid transformation",2015-07-06T00:01:28.032Z,3,false,"A33KTU8KJ5CP2T","3Z9WI9EOZZO1AK6LDEKIXD38CBCHKP","3XH7ZM9YX1TSWY43FK0LXPWDQCV9RJ","https://www.mturk.com",1,1,"",3252,184911
ObjectID(559841dc724566115709613a),"Ordinary differential equation",2015-07-06T00:13:58.385Z,0,false,"A4ER4ZN6CK4LZ","3M0NZ3JDP1YKJMLCCDMJVVOVBBZ5ZJ","3W9XHF7WGJUPT90MN6W5NDBBPR4KT1","https://www.mturk.com",3,3,"NA",6635,78301
ObjectID(559841a47245661157096131),"Riemannian manifold",2015-07-06T00:15:44.470Z,0,false,"AYIL59V88XRJ1","3G5W44VEU7INAOBAT820CDR7XB0GKQ","3W31J70BARV87SYB1K1FY3B7154CKA","https://www.mturk.com",2,1,"no",7773,225001
ObjectID(559841a47245661157096131),"Riemannian manifold",2015-07-06T00:18:32.819Z,1,true,"A1OZL7QG65HABF","3VZLGYJEYLATL55MIJ5ENEFF4A8XZK","3W31J70BARV87SYB1K1FY3B7154CKA","https://www.mturk.com",1,1,"",43289,333931
ObjectID(559841b57245661acab794c4),"Real analysis",2015-07-06T00:31:00.955Z,2,false,"A1SJHSLV0GLIIO","3C6FJU71TQT1ZB1MHSS8P0794YNYU2","3EHIMLB7F6YFTZ7QENIDJPZWJXG8HX","https://www.mturk.com",2,4,"",2744,165736
ObjectID(5598360b7245661158e41934),"Convex function",2015-07-06T00:37:18.846Z,0,false,"AZYK2A8PFVT0L","3SKEMFQBZ358H95SAAQCK0A99SNK8E","3IQ9O0AYW5YYNEAYN3BTAXWYXOXTIJ","https://www.mturk.com",2,4,"",9171,184660
ObjectID(559845b97245661acab79533),"Venture capital",2015-07-06T00:37:37.135Z,3,false,"A12U7YNO0GKNKZ","3OCHAWUVGOKYWA60II240ZR201WXKZ","3TD33TP5DK1JLAXJBTSVT52TE9SBA7","https://www.mturk.com",3,5,"nothing else was noticeably wrong.  ",16522,145106
ObjectID(5598761b72456638ffbfe7c7),"Existentialism",2015-07-06T00:38:02.081Z,1,true,"A24JT7MZ5BBB3O","30MVJZJNHMDDKUIKXHWEJH57E959JT","37M4O367VIHIYVPZ7MRNZAX1YUVM51","https://www.mturk.com",1,2,"",6672,136979
ObjectID(559843e6724566215dba60ec),"Django (web framework)",2015-07-06T00:40:02.354Z,1,true,"A24JT7MZ5BBB3O","36NEMU28XFDEXY1DTPJYDT5ZG4KWM9","3NCN4N1H1FGQ5TR8KXX0FBMTDGQNB2","https://www.mturk.com",3,4,"",3876,110500
ObjectID(559905ce724566049e5c51d8),"Gothic architecture",2015-07-06T00:41:26.707Z,1,true,"A2JYYKODH7BE8L","333U7HK6I9FPNKV19X1G5DOX5VLDJH","3L84EBDQ361QQQAZTXIDMMOF6FUKKE","https://www.mturk.com",1,1,"",4340,52214
ObjectID(559843f9724566115709616a),"Camera resectioning",2015-07-06T00:42:46.922Z,0,true,"A3MWR4VBKU7OQX","32N49TQG3GI0G8SJ6COXI0RLFFVAVX","3OEWW2KGQIA12BP4Z8OJPQAY6B8ODQ","https://www.mturk.com",4,5,"",8297,75657
ObjectID(559843e6724566215dba60ec),"Django (web framework)",2015-07-06T00:44:34.985Z,1,true,"AAAG7IZP1V712","3YOH7BII0976SL15I31MCEUHKQOVKU","3NCN4N1H1FGQ5TR8KXX0FBMTDGQNB2","https://www.mturk.com",1,2,"",21898,231364
ObjectID(559835f2724566115b8497e5),"Newton's method",2015-07-06T00:45:16.091Z,1,true,"A3MWR4VBKU7OQX","3Q5ZZ9ZEVOF5ZQKP3NM6IBRRC3T85K","3IJ95K7NDWBMWAZJ0JPEGMDQTTJGND","https://www.mturk.com",5,3,"",13719,128427
ObjectID(5598763e72456638ffbfe7d0),"Crusades",2015-07-06T00:46:12.684Z,0,true,"AAAG7IZP1V712","33CUSNVVNNCOM83R1LT9UV1IETU88M","3FO95NVK5BZA1D02OQ0CEK13I11SRW","https://www.mturk.com",2,4,"",15657,88632
ObjectID(5598be917245663fec5182c5),"Anglo-Saxons",2015-07-06T00:46:36.577Z,3,false,"A3MWR4VBKU7OQX","3DOCMVPBTNEUSMDZDP7BUPH8SIRNNA","3YGE63DIN7WF80XCEIRYRD31FOYW0H","https://www.mturk.com",2,2,"",6257,60407
ObjectID(55984604724566230091455d),"Bertrand competition",2015-07-06T00:47:19.773Z,2,false,"A3TCFIPOBRZZB3","3137ONMDKG5KOOJ0XMRXEIE2DF5GE9","3TKSOBLOHKFO4K2BH7SROGMZWRDBB2","https://www.mturk.com",1,3,"",13275,205071
ObjectID(5598472d7245662300914565),"Public good",2015-07-06T00:48:12.224Z,1,false,"A16CLW141KFQE4","3LWJHTCVCCM37RDAVTGFQE34V2SFQI","3BKZLF990YY7LYXBAH31RGFZ30WQY8","https://www.mturk.com",2,4,"",3564,210804
ObjectID(559875ff72456638cfc1c583),"William Shakespeare",2015-07-06T00:48:21.578Z,0,true,"A3DDC2WK3UFU4G","3QECW5O0KH1OXACD6LX197NEQGE5T6","3M7OI89LVXN18DDMZG7EOK6P0B26CJ","https://www.mturk.com",2,3,"",26749,143812
ObjectID(559844257245661acab7950c),"CUDA",2015-07-06T00:49:14.988Z,2,true,"AAAG7IZP1V712","3DIP6YHAPCS5V9DIEOF9M5X4PWSE8R","3RDTX9JRTX0IEFKO662FS85DP1J974","https://www.mturk.com",2,3,"",20178,175599
ObjectID(559a073b724566146479f136),"The Renaissance",2015-07-06T00:50:22.766Z,0,true,"A36KKI5IZLJMJ4","3137ONMDKG5KOOJ0XMRXEIE2DF5EG7","335VBRURDIZ3NUZYTEGLYIXUBONE9V","https://www.mturk.com",5,3,"EASY QUESTION",5365,151969
ObjectID(5598c3fb7245663feb28288a),"Path tracing",2015-07-06T00:51:16.681Z,2,false,"A10V8SM5GE55C5","3QHK8ZVMIMI23DLHYMMNQ2DP6ZEBLA","3NRZ1LDP7V5MQC616QQV5IYR4YDPZ6","https://www.mturk.com",2,1,"Not sure",8648,141468
ObjectID(5598c45d7245663feb28288e),"Gini coefficient",2015-07-06T00:51:20.298Z,2,true,"AAAG7IZP1V712","3B2X28YI3WFKKSIABIGL1JVSG4P6BX","329E6HTMSV1KUS2S8RQE507DVT93KN","https://www.mturk.com",1,3,"",38042,115934
ObjectID(5598c3fb7245663feb28288a),"Path tracing",2015-07-06T00:51:21.089Z,2,false,"A3DDC2WK3UFU4G","3W8CV64QJ2ZHTONU9HTT74PS1I2H9Z","3NRZ1LDP7V5MQC616QQV5IYR4YDPZ6","https://www.mturk.com",1,1,"",4798,51813
ObjectID(559845ed724566115709619b),"Industrial organization",2015-07-06T00:51:23.824Z,1,false,"A3RJB7M21I38H9","3T111IHZ5EQUII1X5M5NL8RYOQZ9RL","3E6L1VR4XVL8BPXWQIXFWQRSXOU6FU","https://www.mturk.com",2,1,"",73451,282800
ObjectID(55984564724566230091454a),"Capital asset pricing model",2015-07-06T00:51:36.372Z,3,true,"A8MPJZIGS4TA6","3G5W44VEU7INAOBAT820CDR7XB0KGU","3PGQRAZX01JJYECO2LS6MGU0LOHYS5","https://www.mturk.com",1,1,"",34923,826600
ObjectID(5598c3fb7245663feb28288a),"Path tracing",2015-07-06T00:51:47.439Z,3,false,"A3BBPCRHAJ61PP","3A4NIXBJ76ZYM4PEPBCW4IOJIXHLM6","3NRZ1LDP7V5MQC616QQV5IYR4YDPZ6","https://www.mturk.com",1,1,"",10460,59232
ObjectID(559875ff72456638cfc1c583),"William Shakespeare",2015-07-06T00:52:06.027Z,0,true,"A3CQRNC63AGWOX","3F0BG9B9MPNZ10PQ4KZXF8TPWNQY70","3M7OI89LVXN18DDMZG7EOK6P0B26CJ","https://www.mturk.com",2,3,"None of the answers seemed to contain grammatical errors. ",21080,397712
ObjectID(559a05e5724566146756d65d),"Thirty Years' War",2015-07-06T00:52:11.960Z,0,true,"A3BBPCRHAJ61PP","3YMU66OBIN8W8YA2NNZ3ZLBF5VXHGQ","3Z56AA6EK3ZEHZPDC51SRGB1UP6M6H","https://www.mturk.com",1,1,"",4348,22660
ObjectID(55984604724566230091455d),"Bertrand competition",2015-07-06T00:52:28.318Z,1,true,"AAAG7IZP1V712","3AQF3RZ558IAX9UQGK2HK9MDV2H6FF","3TKSOBLOHKFO4K2BH7SROGMZWRDBB2","https://www.mturk.com",1,2,"",8893,58378
ObjectID(559835f2724566115b8497e5),"Newton's method",2015-07-06T00:53:07.601Z,1,true,"A1NPY5PQISBIOH","33F859I566D0HH2R717PYAKIPI5BH3","3IJ95K7NDWBMWAZJ0JPEGMDQTTJGND","https://www.mturk.com",4,5,"",21857,142863
ObjectID(559845b97245661acab79533),"Venture capital",2015-07-06T00:53:31.168Z,1,true,"A3BBPCRHAJ61PP","3DH6GAKTYYPILAVWNFRG6SMO6G3YZS","3TD33TP5DK1JLAXJBTSVT52TE9SBA7","https://www.mturk.com",2,2,"",41820,64040
ObjectID(559835f2724566115b8497e5),"Newton's method",2015-07-06T00:53:55.941Z,3,false,"A31CHB4HEZDB21","3SUWZRL0MYDIRVUUL9IB2R1DJ126EX","3IJ95K7NDWBMWAZJ0JPEGMDQTTJGND","https://www.mturk.com",1,1,"",10243,183130
ObjectID(5598477472456611570961a3),"Gross domestic product",2015-07-06T00:53:58.019Z,3,false,"A10V8SM5GE55C5","3OUYGIZWR7YRABX5SYI5N2QQK5I0PB","3PUV2Q8SV33HJH0VV3JXJ6AZZCPBD9","https://www.mturk.com",2,0,"",20441,125153
ObjectID(5598477472456611570961a3),"Gross domestic product",2015-07-06T00:54:18.271Z,0,true,"A3DDC2WK3UFU4G","39ZSFO5CA8WB4M6NVSR5FDSLRVGJUX","3PUV2Q8SV33HJH0VV3JXJ6AZZCPBD9","https://www.mturk.com",2,4,"",5482,167626
ObjectID(5598be917245663fec5182c5),"Anglo-Saxons",2015-07-06T00:54:22.012Z,3,false,"A39REJVY4HL3S1","3U5JL4WY5K9DI8HXXQFOTI263G7X4C","3YGE63DIN7WF80XCEIRYRD31FOYW0H","https://www.mturk.com",2,0,"",3298,124479
ObjectID(5598360b7245661158e41934),"Convex function",2015-07-06T00:54:25.237Z,0,false,"AAAG7IZP1V712","3ND9UOO81K2URGJSTDIJDGQAGZVWL8","3IQ9O0AYW5YYNEAYN3BTAXWYXOXTIJ","https://www.mturk.com",3,2,"",20320,108443
ObjectID(5598be917245663fec5182c5),"Anglo-Saxons",2015-07-06T00:54:40.255Z,2,false,"A16O5V4ZUEX0UX","33PPUNGG3859O9JA9KZMYWTR3UPZRU","3YGE63DIN7WF80XCEIRYRD31FOYW0H","https://www.mturk.com",2,3,"",14428,163265
ObjectID(559a05e5724566146756d65d),"Thirty Years' War",2015-07-06T00:54:51.076Z,1,false,"A1NPY5PQISBIOH","3Z4XG4ZF48RE194Z9T51AUIB523X8J","3Z56AA6EK3ZEHZPDC51SRGB1UP6M6H","https://www.mturk.com",2,3,"",5639,101037
ObjectID(559845d37245661acab7953a),"High-frequency trading",2015-07-06T00:54:57.937Z,0,true,"AVWZ0PT3QWLZS","3VW6495TLJ0IGKLRRTPXSLDM0MZYY1","31HLTCK4BKUZ4F8S2AB5Q373FWKVG8","https://www.mturk.com",4,3,"",17028,121971
ObjectID(559a073b724566146479f136),"The Renaissance",2015-07-06T00:55:20.979Z,3,false,"A2B8L88BUHVOO6","34PGFRQONOBOWQVSQS66X1DICBRJWW","335VBRURDIZ3NUZYTEGLYIXUBONE9V","https://www.mturk.com",4,3,"",24112,372205
ObjectID(559845b97245661acab79533),"Venture capital",2015-07-06T00:56:03.951Z,1,true,"AVWZ0PT3QWLZS","3IRIK4HM3AK3UXAGPICGC31AYPPC6A","3TD33TP5DK1JLAXJBTSVT52TE9SBA7","https://www.mturk.com",4,4,"",12354,64521
ObjectID(559845b97245661acab79533),"Venture capital",2015-07-06T00:56:05.754Z,1,true,"A16O5V4ZUEX0UX","3YGXWBAF70HPFA626UJ1F5HW2YJC4P","3TD33TP5DK1JLAXJBTSVT52TE9SBA7","https://www.mturk.com",1,3,"",4858,81370
ObjectID(559840427245661158e4193b),"Gaussian process",2015-07-06T00:56:08.497Z,3,true,"A8MPJZIGS4TA6","3LYA37P8IQNRJ73ZDMAMB20AHZ9KBG","3YGE63DIN7WF80XCEIRYRD31FOY0WL","https://www.mturk.com",1,1,"",5486,122706
ObjectID(559a05e5724566146756d65d),"Thirty Years' War",2015-07-06T00:56:22.711Z,0,true,"AAAG7IZP1V712","3LJ7UR74RHD86E3TVKSFVGB812XN4I","3Z56AA6EK3ZEHZPDC51SRGB1UP6M6H","https://www.mturk.com",2,3,"",6709,85641
ObjectID(559a0566724566146756d655),"Silk Road",2015-07-06T00:56:25.492Z,3,true,"A2FSQBC1OU8WN8","3HVVDCPGTESMZYMXHN2YK4L7LKHTY7","3OYHVNTV5SX9GHVERPA6T35OQK4KOY","https://www.mturk.com",2,3,"I didnt see any mistakes.",7223,134308
ObjectID(5598c3fb7245663feb28288a),"Path tracing",2015-07-06T00:56:31.463Z,0,false,"A18WPTVQPM9LBH","3RSDURM96AMKAF40RSD3LIL6IBVEY5","3NRZ1LDP7V5MQC616QQV5IYR4YDPZ6","https://www.mturk.com",1,2,"",3030,243374
ObjectID(559845ed724566115709619b),"Industrial organization",2015-07-06T00:56:36.419Z,3,true,"A3DDC2WK3UFU4G","3CCZ6YKWR7J5DV3Z8FSKI7M2W9B95A","3E6L1VR4XVL8BPXWQIXFWQRSXOU6FU","https://www.mturk.com",1,2,"",5095,127566
ObjectID(5598763e72456638ffbfe7d0),"Crusades",2015-07-06T00:56:36.649Z,0,true,"A1NPY5PQISBIOH","3DBQWDE4Y6YQ2X7T9PBP08HM1YSN5N","3FO95NVK5BZA1D02OQ0CEK13I11SRW","https://www.mturk.com",2,5,"",3821,103231
ObjectID(5598445b7245661157096174),"Distributed hash table",2015-07-06T00:57:30.287Z,3,false,"A16O5V4ZUEX0UX","3WR9XG3T63BJ3TB6FDBQZJPI1NS47O","3CKVGCS3PF4M1JG3UDHXUO0G9B20S6","https://www.mturk.com",1,2,"",5274,81161
ObjectID(559905bc724566049d3ed698),"Boston Tea Party",2015-07-06T00:57:55.040Z,3,true,"A39REJVY4HL3S1","3OWEPKL089C5P1LCXIQMYSVIS4NN72","37J05LC5AWIN10Y7JVWEHUTC7HYJD2","https://www.mturk.com",4,4,"",2609,115190
ObjectID(559845d37245661acab7953a),"High-frequency trading",2015-07-06T00:58:13.931Z,0,true,"AAAG7IZP1V712","3AZHRG4CU4KK3MSIU0LYAZNPF9R030","31HLTCK4BKUZ4F8S2AB5Q373FWKVG8","https://www.mturk.com",4,3,"",12315,102968
ObjectID(559835f2724566115b8497e5),"Newton's method",2015-07-06T00:58:14.042Z,1,true,"AVWZ0PT3QWLZS","35L9RVQFCOIFDGBX7SOK30C6E3CHUQ","3IJ95K7NDWBMWAZJ0JPEGMDQTTJGND","https://www.mturk.com",2,1,"",3920,128769
ObjectID(559845b97245661acab79533),"Venture capital",2015-07-06T00:58:22.667Z,3,false,"A1NPY5PQISBIOH","3WMINLGALB34HZMJFVTSS83WU8FCA0","3TD33TP5DK1JLAXJBTSVT52TE9SBA7","https://www.mturk.com",1,2,"",3586,101886
ObjectID(559840427245661158e4193b),"Gaussian process",2015-07-06T00:58:25.275Z,3,true,"A2WNW8A4MOR7T7","3JZQSN0I3QACU2JWSXB3W0Z2PGKFGQ","3YGE63DIN7WF80XCEIRYRD31FOY0WL","https://www.mturk.com",2,4,"",31317,219785
ObjectID(559835dd7245661158e4192c),"Latent Dirichlet allocation",2015-07-06T00:58:44.236Z,3,false,"A16O5V4ZUEX0UX","3ZY8KE4ISJ3S3OZ0V8LJ806QJXHVQP","3OLZC0DJ8IED06ENSYB8BFKJU9CVI0","https://www.mturk.com",1,2,"",4627,66200
ObjectID(5598761b72456638ffbfe7c7),"Existentialism",2015-07-06T00:59:41.972Z,2,false,"A1NPY5PQISBIOH","3I3WADAZ9Q48KI75A4B2FXHRR8Y5OL","37M4O367VIHIYVPZ7MRNZAX1YUVM51","https://www.mturk.com",4,4,"",2483,77056
ObjectID(559845ed724566115709619b),"Industrial organization",2015-07-06T01:00:02.856Z,3,true,"A39REJVY4HL3S1","3FQ5JJ512LOTKGSWGCFV2X04YONKN5","3E6L1VR4XVL8BPXWQIXFWQRSXOU6FU","https://www.mturk.com",3,4,"",11099,125152
ObjectID(5598445b7245661157096174),"Distributed hash table",2015-07-06T01:00:17.983Z,3,false,"A1NPY5PQISBIOH","3UN61F00HWPBHVZL2WS69SMW2VI5RU","3CKVGCS3PF4M1JG3UDHXUO0G9B20S6","https://www.mturk.com",1,1,"",3152,33966
ObjectID(5598be917245663fec5182c5),"Anglo-Saxons",2015-07-06T01:00:19.858Z,1,true,"AVWZ0PT3QWLZS","39L1G8WVWQRKABD0QJPYO46ZK1X316","3YGE63DIN7WF80XCEIRYRD31FOYW0H","https://www.mturk.com",4,4,"",3009,123930
ObjectID(559a073b724566146479f136),"The Renaissance",2015-07-06T01:00:51.964Z,2,false,"A3DDC2WK3UFU4G","3R6BYFZZP7CNGOEMH7B7KMZXS6GFXI","335VBRURDIZ3NUZYTEGLYIXUBONE9V","https://www.mturk.com",2,4,"",7444,66597
ObjectID(5598472d7245662300914565),"Public good",2015-07-06T01:01:33.231Z,2,true,"A2WNW8A4MOR7T7","3FUI0JHJPXYGKERFDN3HCXLWILB33Y","3BKZLF990YY7LYXBAH31RGFZ30WQY8","https://www.mturk.com",3,3,"",55241,178912
ObjectID(559a06c2724566146756d665),"Middle Ages",2015-07-06T01:01:35.870Z,0,true,"A2HTN7HCNBQ8V4","3WETL7AQWT8JYTEJR6RARUJGWH235O","3WA2XVDZELGG5BX0V7D9E86SLNF6EC","https://www.mturk.com",2,4,"I could not find grammatical errors.",2234,159166
ObjectID(5598361e724566115b8497ed),"Deep learning",2015-07-06T01:01:48.856Z,0,false,"A1NPY5PQISBIOH","3T111IHZ5EQUII1X5M5NL8RYOR09RO","3TTPFEFXCSJSPLO2L8LFZB35D376HS","https://www.mturk.com",3,2,"",7931,88712
ObjectID(5598fe5d7245664ccfd444a1),"Karush–Kuhn–Tucker conditions",2015-07-06T01:01:57.242Z,2,true,"A39REJVY4HL3S1","33IZTU6J811WKTJ8NRB6RLICHWASXE","3NBFJK3IOGH4EVZV1YPRVBDVJ3OOG0","https://www.mturk.com",1,3,"",4548,111817
ObjectID(5598440b724566215dba60f4),"Apache Hadoop",2015-07-06T01:02:23.645Z,0,true,"A237FGJCPV99GJ","3UWN2HHPUY5R8Z54LLOXTJREFI0SNU","3YO4AH2FPCJAO31Q29SSZOLFRNGQ06","https://www.mturk.com",5,3,"",10999,204010
ObjectID(559875ff72456638cfc1c583),"William Shakespeare",2015-07-06T01:02:41.459Z,2,false,"AVWZ0PT3QWLZS","3Q5C1WP23M1NOQ0442DR314JYXN51X","3M7OI89LVXN18DDMZG7EOK6P0B26CJ","https://www.mturk.com",3,3,"",35223,139996
ObjectID(559905bc724566049d3ed698),"Boston Tea Party",2015-07-06T01:03:11.051Z,3,true,"ADA5VISAE4WFZ","3IXEICO792JKGECRB4761D1EMBP6TN","37J05LC5AWIN10Y7JVWEHUTC7HYJD2","https://www.mturk.com",2,3,"",24226,427396
ObjectID(559905ce724566049e5c51d8),"Gothic architecture",2015-07-06T01:03:12.910Z,3,false,"A1NPY5PQISBIOH","345LHZDEDXS0J84YS7ZIZ6BWVYV3U6","3L84EBDQ361QQQAZTXIDMMOF6FUKKE","https://www.mturk.com",1,4,"",2896,81879
ObjectID(559a0566724566146756d655),"Silk Road",2015-07-06T01:03:37.493Z,3,true,"A39REJVY4HL3S1","3X08E93BHVIEEG1FFRZDQ39023F66D","3OYHVNTV5SX9GHVERPA6T35OQK4KOY","https://www.mturk.com",5,4,"",29618,97778
ObjectID(559a0566724566146756d655),"Silk Road",2015-07-06T01:04:16.925Z,3,true,"A2HTN7HCNBQ8V4","3MAOD8E57QAZ4GR3FVUKSR86UX2NXX","3OYHVNTV5SX9GHVERPA6T35OQK4KOY","https://www.mturk.com",1,2,"",2712,146034
ObjectID(559a073b724566146479f136),"The Renaissance",2015-07-06T01:04:21.946Z,1,false,"AAAG7IZP1V712","354P56DE9K325EDH5E78XM5OF3VS7J","335VBRURDIZ3NUZYTEGLYIXUBONE9V","https://www.mturk.com",1,1,"",190962,543358
ObjectID(5598440b724566215dba60f4),"Apache Hadoop",2015-07-06T01:04:25.926Z,3,false,"AG1J3S81BW0QW","3CFJTT4SXTQDB0AL02DUTKZ165T7I6","3YO4AH2FPCJAO31Q29SSZOLFRNGQ06","https://www.mturk.com",1,1,"I could not find errors to check mark.",20250,152860
ObjectID(559835c7724566115b8497dc),"Random forest",2015-07-06T01:04:29.491Z,0,false,"A10V8SM5GE55C5","3DZQRBDBSLFK4VCU324IK5T8A19S3E","33BFF6QPI0ABPSW9X59HTB18I0IW3C","https://www.mturk.com",1,1,"",6190,625057
ObjectID(559840427245661158e4193b),"Gaussian process",2015-07-06T01:04:37.918Z,1,false,"AVWZ0PT3QWLZS","30BXRYBRP4XS5K022S3LLOX3ZJNWH4","3YGE63DIN7WF80XCEIRYRD31FOY0WL","https://www.mturk.com",1,1,"",13813,114901
ObjectID(559875ff72456638cfc1c583),"William Shakespeare",2015-07-06T01:05:41.926Z,0,true,"AAAG7IZP1V712","3V5Q80FXIXRRZWVW9NPCTNG4C7B32N","3M7OI89LVXN18DDMZG7EOK6P0B26CJ","https://www.mturk.com",4,0,"",365664,438278
ObjectID(5598763e72456638ffbfe7d0),"Crusades",2015-07-06T01:06:09.294Z,0,true,"AG1J3S81BW0QW","3JPSL1DZ5SZN83JA4L268JX8TCTNAT","3FO95NVK5BZA1D02OQ0CEK13I11SRW","https://www.mturk.com",2,3,"",4540,85453
ObjectID(559844257245661acab7950c),"CUDA",2015-07-06T01:06:15.375Z,2,true,"A39REJVY4HL3S1","3TOK3KHVJTIN7MLOYXQZDHVNIESO7I","3RDTX9JRTX0IEFKO662FS85DP1J974","https://www.mturk.com",1,2,"",21192,155864
ObjectID(5598445b7245661157096174),"Distributed hash table",2015-07-06T01:06:41.655Z,3,false,"A2WNW8A4MOR7T7","3J4Q2Z4UTY35IDZ5LIQFU2P4Q6JQWU","3CKVGCS3PF4M1JG3UDHXUO0G9B20S6","https://www.mturk.com",1,1,"",4456,85673
ObjectID(559835dd7245661158e4192c),"Latent Dirichlet allocation",2015-07-06T01:06:42.537Z,3,false,"AAAG7IZP1V712","3LS2AMNW5FQXD4Q3UWZ5D8CIN4LOQH","3OLZC0DJ8IED06ENSYB8BFKJU9CVI0","https://www.mturk.com",1,3,"",14403,52034
ObjectID(5598be917245663fec5182c5),"Anglo-Saxons",2015-07-06T01:06:50.791Z,1,true,"A3DDC2WK3UFU4G","38JBBYETQOA4C8QG2LPW5THZNAXE4L","3YGE63DIN7WF80XCEIRYRD31FOYW0H","https://www.mturk.com",3,5,"",5339,88676
ObjectID(559845a07245662300914552),"Hedge fund",2015-07-06T01:07:34.735Z,3,false,"AAAG7IZP1V712","352YTHGROVDGWIHISMX2QWECFQP4HR","3JMQI2OLFY4JKQPSYTO6A1ATG12ND9","https://www.mturk.com",2,0,"",86591,183121
ObjectID(559835c7724566115b8497dc),"Random forest",2015-07-06T01:07:43.410Z,2,true,"A39REJVY4HL3S1","3WYP994K17RGX0BLLAU59UTT1D86YD","33BFF6QPI0ABPSW9X59HTB18I0IW3C","https://www.mturk.com",1,2,"",28916,85770
ObjectID(559905ce724566049e5c51d8),"Gothic architecture",2015-07-06T01:08:26.143Z,1,true,"A2HTN7HCNBQ8V4","3H7XDTSHKCRE5O5RIML30OL2KJBGWQ","3L84EBDQ361QQQAZTXIDMMOF6FUKKE","https://www.mturk.com",2,3,"No obvious grammatical errors.",2917,187514
ObjectID(559835c7724566115b8497dc),"Random forest",2015-07-06T01:08:35.195Z,2,true,"AAAG7IZP1V712","39KFRKBFINV6M6HPL6GZQUFKMD2OYK","33BFF6QPI0ABPSW9X59HTB18I0IW3C","https://www.mturk.com",3,3,"",53927,104011
ObjectID(559844257245661acab7950c),"CUDA",2015-07-06T01:09:13.202Z,3,false,"A10UTD1N44JI1E","3DH6GAKTYYPILAVWNFRG6SMO6H4YZV","3RDTX9JRTX0IEFKO662FS85DP1J974","https://www.mturk.com",3,2,"na",17759,155019
ObjectID(5599035472456604c887f856),"PID controller",2015-07-06T01:09:15.262Z,1,true,"AG1J3S81BW0QW","3XIQGXAUMC8A1VZGZODVWUMGUIYX7X","356ZPKYPUGGMLMWWA4OCRBPPY4AYPP","https://www.mturk.com",1,1,"",9172,126390
ObjectID(559905bc724566049d3ed698),"Boston Tea Party",2015-07-06T01:09:26.630Z,3,true,"AAAG7IZP1V712","3ERET4BTVM98VEO2F2WQKW5KTZ79KW","37J05LC5AWIN10Y7JVWEHUTC7HYJD2","https://www.mturk.com",4,4,"",11802,105475
ObjectID(5598763e72456638ffbfe7d0),"Crusades",2015-07-06T01:09:45.280Z,0,true,"A39REJVY4HL3S1","3R6BYFZZP7CNGOEMH7B7KMZXS6HXF1","3FO95NVK5BZA1D02OQ0CEK13I11SRW","https://www.mturk.com",5,5,"",2898,101054
ObjectID(5598763e72456638ffbfe7d0),"Crusades",2015-07-06T01:10:08.436Z,0,true,"A2HTN7HCNBQ8V4","38BQUHLA9W06SPSB23SOWZSDD3OMOS","3FO95NVK5BZA1D02OQ0CEK13I11SRW","https://www.mturk.com",2,3,"",1634,74253
ObjectID(559840427245661158e4193b),"Gaussian process",2015-07-06T01:10:20.334Z,0,false,"AAAG7IZP1V712","3AAPLD8UCCH0D3W87NYAY4Q4VP6HT0","3YGE63DIN7WF80XCEIRYRD31FOY0WL","https://www.mturk.com",1,1,"",7636,45847
ObjectID(5598440b724566215dba60f4),"Apache Hadoop",2015-07-06T01:10:36.618Z,0,true,"AD5IKFAK8KN4P","3V26SBZTBDEIQ051J1TZKZVQCB9ZZO","3YO4AH2FPCJAO31Q29SSZOLFRNGQ06","https://www.mturk.com",2,4,"",41537,145216
ObjectID(559845887245661157096193),"Natural monopoly",2015-07-06T01:11:23.270Z,0,true,"AAAG7IZP1V712","382M9COHEHF3T6KVHRGEIXFTMNLEU8","3Z3R5YC0P2MEDN88MV5870J6HW5TFS","https://www.mturk.com",4,2,"",50177,159397
ObjectID(559a05e5724566146756d65d),"Thirty Years' War",2015-07-06T01:12:13.166Z,0,true,"A39REJVY4HL3S1","3TGOYF991XMKI2HH7RVJMF1W8BFUU5","3Z56AA6EK3ZEHZPDC51SRGB1UP6M6H","https://www.mturk.com",4,4,"",3350,124022
ObjectID(559905ce724566049e5c51d8),"Gothic architecture",2015-07-06T01:12:34.532Z,1,true,"A2DP12NA1HDAC0","30H4UDGLT2IODP4CH353LZX3N8KPMC","3L84EBDQ361QQQAZTXIDMMOF6FUKKE","https://www.mturk.com",3,5,"",6846,137236
ObjectID(559845a07245662300914552),"Hedge fund",2015-07-06T01:13:06.060Z,0,true,"AD5IKFAK8KN4P","3NG53N1RLVJ9S028N2VKGHW833W8P8","3JMQI2OLFY4JKQPSYTO6A1ATG12ND9","https://www.mturk.com",2,5,"",6521,141369
ObjectID(55984439724566215dba60fc),"Simultaneous localization and mapping",2015-07-06T01:13:36.804Z,0,true,"AG1J3S81BW0QW","38F5OAUN5NCDF5Z1UKV9T8YM6SF7HE","3U18MJKL1TL9FYJEYXTVQVSBV1QNC9","https://www.mturk.com",1,4,"",5165,205667
ObjectID(5598761b72456638ffbfe7c7),"Existentialism",2015-07-06T01:14:02.038Z,1,true,"A2DP12NA1HDAC0","317HQ483I7S2EL28G9UJPHLR6KZNIY","37M4O367VIHIYVPZ7MRNZAX1YUVM51","https://www.mturk.com",1,4,"",18635,83625
ObjectID(559845887245661157096193),"Natural monopoly",2015-07-06T01:14:21.095Z,1,false,"A3BBPCRHAJ61PP","3TDXMTX3CBUU70WGHS82N6Z5BUAI6J","3Z3R5YC0P2MEDN88MV5870J6HW5TFS","https://www.mturk.com",1,3,"",55460,78681
ObjectID(5598477472456611570961a3),"Gross domestic product",2015-07-06T01:14:45.728Z,1,false,"A2HTN7HCNBQ8V4","3X08E93BHVIEEG1FFRZDQ39023G66E","3PUV2Q8SV33HJH0VV3JXJ6AZZCPBD9","https://www.mturk.com",2,3,"No grammatical errors.",2273,167082
ObjectID(559845a07245662300914552),"Hedge fund",2015-07-06T01:14:45.238Z,0,true,"A3BBPCRHAJ61PP","38JBBYETQOA4C8QG2LPW5THZNAYE4M","3JMQI2OLFY4JKQPSYTO6A1ATG12ND9","https://www.mturk.com",1,4,"",9509,22268
ObjectID(5598761b72456638ffbfe7c7),"Existentialism",2015-07-06T01:15:11.211Z,3,false,"A39REJVY4HL3S1","3QHK8ZVMIMI23DLHYMMNQ2DP6ZGBLC","37M4O367VIHIYVPZ7MRNZAX1YUVM51","https://www.mturk.com",3,3,"",1879,138623
ObjectID(55983ec9724566115b849800),"Moment-generating function",2015-07-06T01:15:22.974Z,1,false,"AAAG7IZP1V712","3QL2OFSM96IB1IG8OZYXEENWTFFCNL","344M16OZKHEOCW3SUOZQGJSEGD3NE2","https://www.mturk.com",2,3,"",73915,292373
ObjectID(559875ff72456638cfc1c583),"William Shakespeare",2015-07-06T01:15:25.291Z,2,false,"A3BBPCRHAJ61PP","3ZSANO2JCF7FK7SNNX5KLEI5DRFFSB","3M7OI89LVXN18DDMZG7EOK6P0B26CJ","https://www.mturk.com",4,2,"Multiple right answers",5749,37901
ObjectID(5598477472456611570961a3),"Gross domestic product",2015-07-06T01:15:54.504Z,0,true,"A3BBPCRHAJ61PP","33FBRBDW6OZQYBT4IX9EWHX14KHC8Y","3PUV2Q8SV33HJH0VV3JXJ6AZZCPBD9","https://www.mturk.com",3,4,"",4180,26931
ObjectID(5598440b724566215dba60f4),"Apache Hadoop",2015-07-06T01:15:56.330Z,0,true,"AAAG7IZP1V712","3TPWUS5F8911OCPMG0PKAX0NMRJCWC","3YO4AH2FPCJAO31Q29SSZOLFRNGQ06","https://www.mturk.com",2,3,"",238000,264619
ObjectID(559843cb7245661acab79504),"Optimal control",2015-07-06T01:16:28.646Z,2,true,"A3BBPCRHAJ61PP","3QJOXOW4XJRKGYFM8PPSRNYZ91JMEP","3AXFSPQOYPXKZKC3A1R45UWXJUEJFD","https://www.mturk.com",1,1,"",2903,32076
ObjectID(559845887245661157096193),"Natural monopoly",2015-07-06T01:16:29.225Z,0,true,"AD5IKFAK8KN4P","3TDXMTX3CBUU70WGHS82N6Z5BUB6I8","3Z3R5YC0P2MEDN88MV5870J6HW5TFS","https://www.mturk.com",3,3,"",7003,198260
ObjectID(559843cb7245661acab79504),"Optimal control",2015-07-06T01:16:33.160Z,2,true,"A2DP12NA1HDAC0","3WYP994K17RGX0BLLAU59UTT1D96YE","3AXFSPQOYPXKZKC3A1R45UWXJUEJFD","https://www.mturk.com",4,1,"",9050,104586
ObjectID(5598761b72456638ffbfe7c7),"Existentialism",2015-07-06T01:17:07.603Z,2,false,"AAAG7IZP1V712","31T4R4OBOSGMYXOL8SH8IH16T0BC7B","37M4O367VIHIYVPZ7MRNZAX1YUVM51","https://www.mturk.com",1,2,"",60650,95068
ObjectID(559a073b724566146479f136),"The Renaissance",2015-07-06T01:17:30.163Z,0,true,"A3BBPCRHAJ61PP","3G2UL9A02DEXIGFKY145WH9WXE076E","335VBRURDIZ3NUZYTEGLYIXUBONE9V","https://www.mturk.com",2,4,"",26286,59586
ObjectID(5598477472456611570961a3),"Gross domestic product",2015-07-06T01:17:41.426Z,3,false,"AG1J3S81BW0QW","30LB5CDZNCALOFZBF7G7E0S4U4R0ZY","3PUV2Q8SV33HJH0VV3JXJ6AZZCPBD9","https://www.mturk.com",2,2,"",6419,199384
ObjectID(55983ec9724566115b849800),"Moment-generating function",2015-07-06T01:17:51.187Z,0,false,"A2WNW8A4MOR7T7","3MYYFCXHJ372WMM78GFK5W2B0QCG44","344M16OZKHEOCW3SUOZQGJSEGD3NE2","https://www.mturk.com",1,1,"",10260,90714
ObjectID(55984564724566230091454a),"Capital asset pricing model",2015-07-06T01:18:02.064Z,3,true,"AAAG7IZP1V712","35BLDD71I6X1HG0RI44WZTIUO03VZK","3PGQRAZX01JJYECO2LS6MGU0LOHYS5","https://www.mturk.com",2,3,"",80546,118682
ObjectID(559844257245661acab7950c),"CUDA",2015-07-06T01:18:51.458Z,3,false,"A3BBPCRHAJ61PP","39KFRKBFINV6M6HPL6GZQUFKMD2YOU","3RDTX9JRTX0IEFKO662FS85DP1J974","https://www.mturk.com",1,1,"",7817,79047
ObjectID(5598440b724566215dba60f4),"Apache Hadoop",2015-07-06T01:19:55.767Z,0,true,"A3BBPCRHAJ61PP","39DD6S19JPBKF5E5NEFMZPU8O51EZY","3YO4AH2FPCJAO31Q29SSZOLFRNGQ06","https://www.mturk.com",1,1,"",49775,61921
ObjectID(559905bc724566049d3ed698),"Boston Tea Party",2015-07-06T01:19:57.145Z,3,true,"AG1J3S81BW0QW","37UEWGM5HT8CTDY219QU629FQFE1R9","37J05LC5AWIN10Y7JVWEHUTC7HYJD2","https://www.mturk.com",4,4,"",8218,131021
ObjectID(559905bc724566049d3ed698),"Boston Tea Party",2015-07-06T01:21:01.721Z,3,true,"AD5IKFAK8KN4P","3OB0CAO74HPWUPV2HTL96LIJAROYH6","37J05LC5AWIN10Y7JVWEHUTC7HYJD2","https://www.mturk.com",5,3,"Third answer is also right",5448,268268
ObjectID(5598361e724566115b8497ed),"Deep learning",2015-07-06T01:21:44.890Z,3,true,"AAAG7IZP1V712","3G5F9DBFOPXFQV0XCIYPZMEPSANHVH","3TTPFEFXCSJSPLO2L8LFZB35D376HS","https://www.mturk.com",4,3,"",9228,64655
ObjectID(5598472d7245662300914565),"Public good",2015-07-06T01:21:55.136Z,2,true,"AG1J3S81BW0QW","3D3VGR7TA0F83GCHOD4DUVOCOZRR3Q","3BKZLF990YY7LYXBAH31RGFZ30WQY8","https://www.mturk.com",3,3,"",7570,113776
ObjectID(55984564724566230091454a),"Capital asset pricing model",2015-07-06T01:22:12.598Z,3,true,"A3BBPCRHAJ61PP","34QN5IT0TZR64JYO6HGU1GV0VVL08U","3PGQRAZX01JJYECO2LS6MGU0LOHYS5","https://www.mturk.com",1,1,"",124003,134801
ObjectID(559835f2724566115b8497e5),"Newton's method",2015-07-06T01:22:45.674Z,3,false,"AAAG7IZP1V712","35L9RVQFCOIFDGBX7SOK30C6E3EHUS","3IJ95K7NDWBMWAZJ0JPEGMDQTTJGND","https://www.mturk.com",4,4,"",72541,126251
ObjectID(55984564724566230091454a),"Capital asset pricing model",2015-07-06T01:23:03.835Z,0,false,"A3K8RMYHHGISUI","36DSNE9QZ5YGRHMQZ6FWG70W99TOJQ","3PGQRAZX01JJYECO2LS6MGU0LOHYS5","https://www.mturk.com",1,2,"I have no idea but I would say the answer would be 1 or 2",9203,242181
ObjectID(55984604724566230091455d),"Bertrand competition",2015-07-06T01:23:15.856Z,1,true,"AD5IKFAK8KN4P","37UQDCYH6XVIX6ULZ9CD89PVE7R7V5","3TKSOBLOHKFO4K2BH7SROGMZWRDBB2","https://www.mturk.com",1,4,"",8167,130335
ObjectID(55983466724566115b8497d4),"Reinforcement learning",2015-07-06T01:23:26.679Z,1,false,"AAAG7IZP1V712","39GAF6DQWR04MKFJATV47ZYIBLRV1W","3T5ZXGO9DDN7QO7G635K5NO19U0QZZ","https://www.mturk.com",1,2,"",59584,91766
ObjectID(5598360b7245661158e41934),"Convex function",2015-07-06T01:23:45.587Z,2,false,"A3BBPCRHAJ61PP","3ZAK8W07I4E42G519KHZX8DPSMBU02","3IQ9O0AYW5YYNEAYN3BTAXWYXOXTIJ","https://www.mturk.com",1,1,"",80070,90761
ObjectID(559905ce724566049e5c51d8),"Gothic architecture",2015-07-06T01:24:09.674Z,1,true,"AAAG7IZP1V712","3P529IW9KYLSGUXX3O8J9S4ALX8FLY","3L84EBDQ361QQQAZTXIDMMOF6FUKKE","https://www.mturk.com",3,4,"",40671,74574
ObjectID(55984604724566230091455d),"Bertrand competition",2015-07-06T01:24:17.069Z,1,true,"AD1ILDUXZHASF","3YW4XOSQKQL495QJ53LZBDWZXEHU15","3TKSOBLOHKFO4K2BH7SROGMZWRDBB2","https://www.mturk.com",1,3,"",13634,109859
ObjectID(5598c45d7245663feb28288e),"Gini coefficient",2015-07-06T01:24:22.899Z,2,true,"AG1J3S81BW0QW","3OLF68YTN91BKB6T6XJT0EOZRL9AFB","329E6HTMSV1KUS2S8RQE507DVT93KN","https://www.mturk.com",1,1,"",5911,136525
ObjectID(5598c3fb7245663feb28288a),"Path tracing",2015-07-06T01:24:45.529Z,2,false,"A182C16C2DMRRX","3XIQGXAUMC8A1VZGZODVWUMGUIZ7X8","3NRZ1LDP7V5MQC616QQV5IYR4YDPZ6","https://www.mturk.com",5,1,"",6770,200334
ObjectID(55983ec9724566115b849800),"Moment-generating function",2015-07-06T01:25:01.758Z,2,false,"A38UO71KJYI2LC","3CP1TO84PT1UDBI0N6D58KEOQ3325D","344M16OZKHEOCW3SUOZQGJSEGD3NE2","https://www.mturk.com",1,1,"",27923,292294
ObjectID(5598c45d7245663feb28288e),"Gini coefficient",2015-07-06T01:25:02.794Z,1,false,"A3BBPCRHAJ61PP","3VNL7UK1XFJGZ752CXAAVJERFAUFT1","329E6HTMSV1KUS2S8RQE507DVT93KN","https://www.mturk.com",1,1,"",2300,14459
ObjectID(5599035472456604c887f856),"PID controller",2015-07-06T01:25:11.660Z,1,true,"AAAG7IZP1V712","384PI804XS1ON3DXKFMZI7V17PS0SU","356ZPKYPUGGMLMWWA4OCRBPPY4AYPP","https://www.mturk.com",4,3,"",31512,52094
ObjectID(559843cb7245661acab79504),"Optimal control",2015-07-06T01:25:49.511Z,2,true,"AAAG7IZP1V712","37FMASSAYCR0DCDBDJPAYMLXPVMIB5","3AXFSPQOYPXKZKC3A1R45UWXJUEJFD","https://www.mturk.com",3,2,"",47758,135245
ObjectID(559a0566724566146756d655),"Silk Road",2015-07-06T01:26:19.068Z,3,true,"AG1J3S81BW0QW","3QECW5O0KH1OXACD6LX197NEQGH5T9","3OYHVNTV5SX9GHVERPA6T35OQK4KOY","https://www.mturk.com",1,1,"",8461,102762
ObjectID(5598472d7245662300914565),"Public good",2015-07-06T01:27:08.652Z,1,false,"AAAG7IZP1V712","3Y9N9SS8LYBE26TC6C9TP6789Y23DY","3BKZLF990YY7LYXBAH31RGFZ30WQY8","https://www.mturk.com",2,3,"",8830,69756
ObjectID(5598360b7245661158e41934),"Convex function",2015-07-06T01:27:21.918Z,1,true,"AD5IKFAK8KN4P","3RWE2M8QWHAR7QLSCJ5DJDLVKQK0NI","3IQ9O0AYW5YYNEAYN3BTAXWYXOXTIJ","https://www.mturk.com",2,2,"",7511,242201
ObjectID(559843f9724566115709616a),"Camera resectioning",2015-07-06T01:27:45.725Z,0,true,"AAAG7IZP1V712","3NS0A6KXC48IZJAWT95AZSFK1LHGZI","3OEWW2KGQIA12BP4Z8OJPQAY6B8ODQ","https://www.mturk.com",3,3,"",40291,145275
ObjectID(559831a67245661158e41924),"Word embedding",2015-07-06T01:29:06.897Z,0,true,"AAAG7IZP1V712","31LVTDXBL7APJK26UJ8DQHITOLJLRZ","371Q3BEXDG8J34MTY7UP0N32RIKSZP","https://www.mturk.com",2,3,"",40731,110594
ObjectID(559845887245661157096193),"Natural monopoly",2015-07-06T01:30:41.899Z,0,true,"AG1J3S81BW0QW","32EYX73OY09S2AP03X0EH4EC1CBUR1","3Z3R5YC0P2MEDN88MV5870J6HW5TFS","https://www.mturk.com",2,5,"",9899,218205
ObjectID(559844257245661acab7950c),"CUDA",2015-07-06T01:32:09.247Z,1,false,"AD5IKFAK8KN4P","3LWJHTCVCCM37RDAVTGFQE34V3VQFY","3RDTX9JRTX0IEFKO662FS85DP1J974","https://www.mturk.com",1,1,"",82516,283177
ObjectID(5598fe5d7245664ccfd444a1),"Karush–Kuhn–Tucker conditions",2015-07-06T01:32:27.206Z,2,true,"AG1J3S81BW0QW","34BBWHLWHABS1FBM8AL6L0YIZW4IWL","3NBFJK3IOGH4EVZV1YPRVBDVJ3OOG0","https://www.mturk.com",1,1,"",8250,101222
ObjectID(55984439724566215dba60fc),"Simultaneous localization and mapping",2015-07-06T01:32:37.397Z,0,true,"AAAG7IZP1V712","39GAF6DQWR04MKFJATV47ZYIBLS1V3","3U18MJKL1TL9FYJEYXTVQVSBV1QNC9","https://www.mturk.com",3,3,"",173299,190239
ObjectID(5598fe5d7245664ccfd444a1),"Karush–Kuhn–Tucker conditions",2015-07-06T01:34:18.909Z,2,true,"AD5IKFAK8KN4P","3CP1TO84PT1UDBI0N6D58KEOQ3425E","3NBFJK3IOGH4EVZV1YPRVBDVJ3OOG0","https://www.mturk.com",1,1,"",6291,126170
ObjectID(55984604724566230091455d),"Bertrand competition",2015-07-06T01:34:58.441Z,1,true,"A1I9IJBIDVADZ0","3RYC5T2D73TFA5H4MB1K7YRDTVLPR2","3TKSOBLOHKFO4K2BH7SROGMZWRDBB2","https://www.mturk.com",1,1,"",5700,108437
ObjectID(5598361e724566115b8497ed),"Deep learning",2015-07-06T01:37:03.512Z,3,true,"AG1J3S81BW0QW","3VW04L3ZLT64GA57H1HTQTZ4WBFXXU","3TTPFEFXCSJSPLO2L8LFZB35D376HS","https://www.mturk.com",1,2,"",6025,100524
ObjectID(5598c45d7245663feb28288e),"Gini coefficient",2015-07-06T01:37:04.873Z,2,true,"AD5IKFAK8KN4P","3FIJLY1B6U4I7FCVVG1QQ9DUQ7AFPX","329E6HTMSV1KUS2S8RQE507DVT93KN","https://www.mturk.com",1,1,"Option 4 may also be right",44225,162174
ObjectID(559843cb7245661acab79504),"Optimal control",2015-07-06T01:37:49.427Z,3,false,"A39RV5J8TUS5B6","39N5ACM9HEN965LISU1YGDRJN9F9PZ","3AXFSPQOYPXKZKC3A1R45UWXJUEJFD","https://www.mturk.com",1,1,"",18269,135377
ObjectID(559843cb7245661acab79504),"Optimal control",2015-07-06T01:39:39.042Z,1,false,"AG1J3S81BW0QW","31IBVUNM9SZVCZ9RHSAPW12CCVBVFY","3AXFSPQOYPXKZKC3A1R45UWXJUEJFD","https://www.mturk.com",1,1,"",3934,137730
ObjectID(559a0566724566146756d655),"Silk Road",2015-07-06T01:39:55.723Z,3,true,"AD5IKFAK8KN4P","3VNXK88KKCIMBPIEE6AXM5G19XG9VK","3OYHVNTV5SX9GHVERPA6T35OQK4KOY","https://www.mturk.com",1,1,"Longest option is usually the right answer",3291,166537
ObjectID(559845d37245661acab7953a),"High-frequency trading",2015-07-06T01:41:33.561Z,1,false,"AG1J3S81BW0QW","34J10VATJFYNHIF0W1M0TBGWBVOIQI","31HLTCK4BKUZ4F8S2AB5Q373FWKVG8","https://www.mturk.com",1,3,"",3951,107661
ObjectID(5598360b7245661158e41934),"Convex function",2015-07-06T01:44:24.132Z,1,true,"A38UO71KJYI2LC","3PW9OPU9PQKVPTHHMJBT5U17ENZ12V","3IQ9O0AYW5YYNEAYN3BTAXWYXOXTIJ","https://www.mturk.com",1,3,"",15049,1144337
ObjectID(559835dd7245661158e4192c),"Latent Dirichlet allocation",2015-07-06T01:45:00.242Z,0,true,"AG1J3S81BW0QW","3HVVDCPGTESMZYMXHN2YK4L7LLLTYD","3OLZC0DJ8IED06ENSYB8BFKJU9CVI0","https://www.mturk.com",1,3,"",13380,200083
ObjectID(559a05e5724566146756d65d),"Thirty Years' War",2015-07-06T01:46:26.862Z,1,false,"AG1J3S81BW0QW","3E47SOBEYQWJNH5HRJL596RF7GOCI8","3Z56AA6EK3ZEHZPDC51SRGB1UP6M6H","https://www.mturk.com",2,2,"",4572,79509
ObjectID(559843f9724566115709616a),"Camera resectioning",2015-07-06T01:47:09.466Z,0,true,"AD5IKFAK8KN4P","37Z929RLG98P3CAOIHA92IX640PTSZ","3OEWW2KGQIA12BP4Z8OJPQAY6B8ODQ","https://www.mturk.com",2,3,"",301325,429899
ObjectID(55983466724566115b8497d4),"Reinforcement learning",2015-07-06T01:48:03.449Z,0,true,"A2Q6XBT9ZWRWPG","39ASUFLU6X7VAAEQMWR124EXG55XEM","3T5ZXGO9DDN7QO7G635K5NO19U0QZZ","https://www.mturk.com",3,4,"",11867,194541
ObjectID(559a06c2724566146756d665),"Middle Ages",2015-07-06T01:48:24.185Z,0,true,"AG1J3S81BW0QW","36H9ULYP62UML49X03W6TDRIH85FJY","3WA2XVDZELGG5BX0V7D9E86SLNF6EC","https://www.mturk.com",1,4,"",3013,102589
ObjectID(559a06c2724566146756d665),"Middle Ages",2015-07-06T01:50:12.339Z,0,true,"AD5IKFAK8KN4P","3DEL4X4EL6LTGFVHMX3V976DYHAXY1","3WA2XVDZELGG5BX0V7D9E86SLNF6EC","https://www.mturk.com",3,3,"",5725,178941
ObjectID(55983466724566115b8497d4),"Reinforcement learning",2015-07-06T01:50:58.630Z,0,true,"AG1J3S81BW0QW","34Q075JO1XDOTJE37W7FM68SHPH10D","3T5ZXGO9DDN7QO7G635K5NO19U0QZZ","https://www.mturk.com",4,1,"I accidentally rated my knowledge high on this topic when I should have clicked one star.",10330,139857
ObjectID(559845ed724566115709619b),"Industrial organization",2015-07-06T01:51:18.626Z,3,true,"A2Q6XBT9ZWRWPG","39O5D9O87TS4XENY6GEI50PQOYS3C0","3E6L1VR4XVL8BPXWQIXFWQRSXOU6FU","https://www.mturk.com",2,3,"",5920,186843
ObjectID(5598445b7245661157096174),"Distributed hash table",2015-07-06T01:52:05.784Z,1,false,"AAAG7IZP1V712","3VELCLL3GKJFQNTTAEQ0PDVWNR61FH","3CKVGCS3PF4M1JG3UDHXUO0G9B20S6","https://www.mturk.com",3,3,"",4112,76283
ObjectID(5598fe5d7245664ccfd444a1),"Karush–Kuhn–Tucker conditions",2015-07-06T01:52:56.184Z,2,true,"AAAG7IZP1V712","3RUIQRXJBBOEGM7TPZBH459UITWLLB","3NBFJK3IOGH4EVZV1YPRVBDVJ3OOG0","https://www.mturk.com",2,3,"",12366,125768
ObjectID(55984564724566230091454a),"Capital asset pricing model",2015-07-06T01:53:36.522Z,3,true,"AD5IKFAK8KN4P","3ZR9AIQJUB95LIBMUEQHK4FVT9R40T","3PGQRAZX01JJYECO2LS6MGU0LOHYS5","https://www.mturk.com",1,1,"",23901,175371
ObjectID(559844747245661acab79513),"Semantic Web",2015-07-06T01:53:53.426Z,0,true,"AAAG7IZP1V712","352YTHGROVDGWIHISMX2QWECFQT4HV","3MDWE879UG15GRNEJNEVXAR98RAB9S","https://www.mturk.com",3,3,"",68793,100924
ObjectID(559845887245661157096193),"Natural monopoly",2015-07-06T01:54:06.063Z,1,false,"A2Q6XBT9ZWRWPG","3R2PKQ87NW8WW3H848FJC2WR1USIMW","3Z3R5YC0P2MEDN88MV5870J6HW5TFS","https://www.mturk.com",1,2,"",3522,152863
ObjectID(559835c7724566115b8497dc),"Random forest",2015-07-06T01:54:55.727Z,2,true,"A3GNQDFPZALU92","32KTQ2V7RDF3L2O50E96Z9XOI469M5","33BFF6QPI0ABPSW9X59HTB18I0IW3C","https://www.mturk.com",2,2,"",17743,89094
ObjectID(559845ed724566115709619b),"Industrial organization",2015-07-06T01:55:05.533Z,1,false,"AG1J3S81BW0QW","3634BBTX0OUQQTPRILB6HCCI4TGIFP","3E6L1VR4XVL8BPXWQIXFWQRSXOU6FU","https://www.mturk.com",2,3,"It sounds odd to say "" industrial organization is a theoretical model in the economics of industrial organization"" ",3084,236948
ObjectID(559a06c2724566146756d665),"Middle Ages",2015-07-06T01:55:40.977Z,0,true,"AAAG7IZP1V712","3PMBY0YE273QCGCENPFSWDSCOQ2C9Q","3WA2XVDZELGG5BX0V7D9E86SLNF6EC","https://www.mturk.com",2,3,"",131329,156353
ObjectID(559843e6724566215dba60ec),"Django (web framework)",2015-07-06T01:55:40.285Z,2,false,"A3AWK7M7H1SU8J","3IJXV6UZ1XJNTJU09GB0Y1Q17HRIRK","3NCN4N1H1FGQ5TR8KXX0FBMTDGQNB2","https://www.mturk.com",5,3,"",33133,182687
ObjectID(55983ec9724566115b849800),"Moment-generating function",2015-07-06T01:56:04.524Z,2,false,"A3GNQDFPZALU92","33TIN5LC04A3FJDJJHXHT4KVREK9YV","344M16OZKHEOCW3SUOZQGJSEGD3NE2","https://www.mturk.com",3,1,"",7266,66330
ObjectID(559831a67245661158e41924),"Word embedding",2015-07-06T01:56:18.321Z,0,true,"AG1J3S81BW0QW","3IGI0VL647KCA7DBE47O9EHDIT1ONX","371Q3BEXDG8J34MTY7UP0N32RIKSZP","https://www.mturk.com",2,3,"",4034,65466
ObjectID(559840427245661158e4193b),"Gaussian process",2015-07-06T01:56:33.645Z,3,true,"A2Q6XBT9ZWRWPG","3I7DHKZYGN0EE5UCB1SCS38DZ7BF5D","3YGE63DIN7WF80XCEIRYRD31FOY0WL","https://www.mturk.com",1,1,"",11775,139017
ObjectID(559835dd7245661158e4192c),"Latent Dirichlet allocation",2015-07-06T01:56:35.646Z,0,true,"AD5IKFAK8KN4P","3IAS3U3I0FGW2RZ9OG4IB6EG0ZRB2P","3OLZC0DJ8IED06ENSYB8BFKJU9CVI0","https://www.mturk.com",1,1,"",8690,172132
ObjectID(55983466724566115b8497d4),"Reinforcement learning",2015-07-06T01:56:53.646Z,3,false,"A39RV5J8TUS5B6","3U5JL4WY5K9DI8HXXQFOTI263GC4XO","3T5ZXGO9DDN7QO7G635K5NO19U0QZZ","https://www.mturk.com",1,1,"",6250,98098
ObjectID(5598361e724566115b8497ed),"Deep learning",2015-07-06T01:57:20.260Z,0,false,"A3GNQDFPZALU92","3KMS4QQVK2QHWOFFIOWIUSRVWX6KF3","3TTPFEFXCSJSPLO2L8LFZB35D376HS","https://www.mturk.com",3,2,"",6680,73415
ObjectID(559843e6724566215dba60ec),"Django (web framework)",2015-07-06T01:58:20.633Z,0,false,"A2Q6XBT9ZWRWPG","30BXRYBRP4XS5K022S3LLOX3ZJSHWU","3NCN4N1H1FGQ5TR8KXX0FBMTDGQNB2","https://www.mturk.com",1,1,"",36307,97801
ObjectID(559844747245661acab79513),"Semantic Web",2015-07-06T01:58:47.979Z,2,false,"A3GNQDFPZALU92","3R2UR8A0IAGHM1RFGAUX7G8BK7BOXH","3MDWE879UG15GRNEJNEVXAR98RAB9S","https://www.mturk.com",3,2,"",3798,85301
ObjectID(559843e6724566215dba60ec),"Django (web framework)",2015-07-06T01:59:16.744Z,1,true,"AD5IKFAK8KN4P","3O6CYIULED1XA66M2RAK43MTTRTWU9","3NCN4N1H1FGQ5TR8KXX0FBMTDGQNB2","https://www.mturk.com",1,2,"",1778,153474
ObjectID(559845a07245662300914552),"Hedge fund",2015-07-06T01:59:42.320Z,3,false,"A2Q6XBT9ZWRWPG","3R5F3LQFV2K6RWRUHSII41OMS79ZOP","3JMQI2OLFY4JKQPSYTO6A1ATG12ND9","https://www.mturk.com",1,1,"",4691,71520
ObjectID(5598c45d7245663feb28288e),"Gini coefficient",2015-07-06T02:00:11.173Z,1,false,"A3GNQDFPZALU92","39GXDJN2OTEMXKZ49E4JM9LQPR0V8J","329E6HTMSV1KUS2S8RQE507DVT93KN","https://www.mturk.com",1,2,"",4924,80819
ObjectID(559835c7724566115b8497dc),"Random forest",2015-07-06T02:00:21.204Z,2,true,"A2HYPKCDQH8Y83","3FTF2T8WLRIZQEIJ4GFT87ZFG6JW9I","33BFF6QPI0ABPSW9X59HTB18I0IW3C","https://www.mturk.com",2,3,"I think there is one right answer in every case.",11192,430534
ObjectID(559843f9724566115709616a),"Camera resectioning",2015-07-06T02:00:32.026Z,0,true,"AG1J3S81BW0QW","36H9ULYP62UML49X03W6TDRIH86FJZ","3OEWW2KGQIA12BP4Z8OJPQAY6B8ODQ","https://www.mturk.com",1,4,"",7651,146563
ObjectID(55983466724566115b8497d4),"Reinforcement learning",2015-07-06T02:01:47.032Z,0,true,"A3GNQDFPZALU92","3N1FSUEFL50ZK2CG6QECZBZENY0D4V","3T5ZXGO9DDN7QO7G635K5NO19U0QZZ","https://www.mturk.com",3,3,"",4984,84031
ObjectID(559831a67245661158e41924),"Word embedding",2015-07-06T02:02:19.792Z,0,true,"AD5IKFAK8KN4P","317HQ483I7S2EL28G9UJPHLR6K3INX","371Q3BEXDG8J34MTY7UP0N32RIKSZP","https://www.mturk.com",3,0,"Very long option may be the right one",4701,23679
ObjectID(559831a67245661158e41924),"Word embedding",2015-07-06T02:02:24.106Z,1,false,"A2Q6XBT9ZWRWPG","3TS1AR6UQQET198VZU79QNM9QD67FK","371Q3BEXDG8J34MTY7UP0N32RIKSZP","https://www.mturk.com",1,1,"",2371,154682
ObjectID(5598472d7245662300914565),"Public good",2015-07-06T02:03:00.288Z,2,true,"A3GNQDFPZALU92","37Z929RLG98P3CAOIHA92IX640RST0","3BKZLF990YY7LYXBAH31RGFZ30WQY8","https://www.mturk.com",4,3,"",4755,70818
ObjectID(5599035472456604c887f856),"PID controller",2015-07-06T02:03:44.228Z,1,true,"A2Q6XBT9ZWRWPG","32N49TQG3GI0G8SJ6COXI0RLFF0AV2","356ZPKYPUGGMLMWWA4OCRBPPY4AYPP","https://www.mturk.com",1,1,"",3104,72479
ObjectID(559831a67245661158e41924),"Word embedding",2015-07-06T02:04:03.977Z,0,true,"A3GNQDFPZALU92","351SEKWQS0HFOS1MCUE8L5GE9PLDMQ","371Q3BEXDG8J34MTY7UP0N32RIKSZP","https://www.mturk.com",4,4,"",5647,61127
ObjectID(5598361e724566115b8497ed),"Deep learning",2015-07-06T02:04:24.516Z,3,true,"AD5IKFAK8KN4P","3IRIK4HM3AK3UXAGPICGC31AYPV6CA","3TTPFEFXCSJSPLO2L8LFZB35D376HS","https://www.mturk.com",1,1,"Very long option may be the right one",12932,117861
ObjectID(5598445b7245661157096174),"Distributed hash table",2015-07-06T02:04:41.840Z,3,false,"AG1J3S81BW0QW","3WLEIWSYHOH6T42VO8EEXHHEVCX2HX","3CKVGCS3PF4M1JG3UDHXUO0G9B20S6","https://www.mturk.com",1,1,"",3434,89477
ObjectID(559845a07245662300914552),"Hedge fund",2015-07-06T02:04:56.464Z,0,true,"A3GNQDFPZALU92","3VA45EW49NN9W06M9H9QC74AFSXO1Q","3JMQI2OLFY4JKQPSYTO6A1ATG12ND9","https://www.mturk.com",3,5,"",4188,50385
ObjectID(55984439724566215dba60fc),"Simultaneous localization and mapping",2015-07-06T02:05:28.595Z,2,false,"A2Q6XBT9ZWRWPG","3MD9PLUKKIEO9BRIGDI5PCOH2X5NZZ","3U18MJKL1TL9FYJEYXTVQVSBV1QNC9","https://www.mturk.com",1,1,"",2643,95483
ObjectID(559845d37245661acab7953a),"High-frequency trading",2015-07-06T02:05:51.379Z,0,true,"A3GNQDFPZALU92","30ZX6P7VF8V2KAXLC8HZ9UXT841J2J","31HLTCK4BKUZ4F8S2AB5Q373FWKVG8","https://www.mturk.com",2,2,"",3755,52778
ObjectID(55984439724566215dba60fc),"Simultaneous localization and mapping",2015-07-06T02:05:56.653Z,0,true,"AD5IKFAK8KN4P","3IQ1VMJRYTK2J1FG3BJ1QI2OONI9AM","3U18MJKL1TL9FYJEYXTVQVSBV1QNC9","https://www.mturk.com",1,1,"",5110,86398
ObjectID(559844747245661acab79513),"Semantic Web",2015-07-06T02:05:59.306Z,2,false,"AG1J3S81BW0QW","31QNSG6A5RTKMUY8RG13GV5N39T783","3MDWE879UG15GRNEJNEVXAR98RAB9S","https://www.mturk.com",1,1,"",4182,70583
ObjectID(5599035472456604c887f856),"PID controller",2015-07-06T02:07:10.405Z,0,false,"A3GNQDFPZALU92","3DZQRBDBSLFK4VCU324IK5T8A1FS3K","356ZPKYPUGGMLMWWA4OCRBPPY4AYPP","https://www.mturk.com",2,3,"",6723,76722
ObjectID(559845d37245661acab7953a),"High-frequency trading",2015-07-06T02:07:36.934Z,0,true,"AD5IKFAK8KN4P","3A0EX8ZRN8OM3CSGH1BDKAFLFENYBU","31HLTCK4BKUZ4F8S2AB5Q373FWKVG8","https://www.mturk.com",1,1,"",11575,87492
ObjectID(5599035472456604c887f856),"PID controller",2015-07-06T02:08:02.998Z,1,true,"A2RZYUSHUJJWO2","3CTOC39K37Q96BURIKYU5LE1JKNJ7Z","356ZPKYPUGGMLMWWA4OCRBPPY4AYPP","https://www.mturk.com",2,4,"",21086,139270
ObjectID(559843f9724566115709616a),"Camera resectioning",2015-07-06T02:08:09.328Z,3,false,"A3GNQDFPZALU92","39N5ACM9HEN965LISU1YGDRJN9I9P2","3OEWW2KGQIA12BP4Z8OJPQAY6B8ODQ","https://www.mturk.com",3,3,"",4045,56404
ObjectID(55984439724566215dba60fc),"Simultaneous localization and mapping",2015-07-06T02:09:27.513Z,0,true,"A3GNQDFPZALU92","3PIWWX1FJJ62Q6VTJTNR8BJAAFNJJ6","3U18MJKL1TL9FYJEYXTVQVSBV1QNC9","https://www.mturk.com",3,4,"",4387,75890
ObjectID(559844747245661acab79513),"Semantic Web",2015-07-06T02:09:28.028Z,3,false,"AD5IKFAK8KN4P","31Q0U3WYDPF2BUENSVSO1LIFP3O17E","3MDWE879UG15GRNEJNEVXAR98RAB9S","https://www.mturk.com",1,1,"",6551,100185
ObjectID(559a06c2724566146756d665),"Middle Ages",2015-07-06T02:09:47.449Z,0,true,"A2RZYUSHUJJWO2","3ERET4BTVM98VEO2F2WQKW5KTZCK9C","3WA2XVDZELGG5BX0V7D9E86SLNF6EC","https://www.mturk.com",3,5,"",5260,98217
ObjectID(559844747245661acab79513),"Semantic Web",2015-07-06T02:18:10.978Z,2,false,"A2KANCG6BVWYRE","3AAPLD8UCCH0D3W87NYAY4Q4VPBTHH","3MDWE879UG15GRNEJNEVXAR98RAB9S","https://www.mturk.com",4,4,"",8608,57141
ObjectID(55983ec9724566115b849800),"Moment-generating function",2015-07-06T02:35:52.605Z,1,false,"A28X8BW3FST57Q","3E7TUJ2EGCM0H8ISNLA3GJAU9QGD9T","344M16OZKHEOCW3SUOZQGJSEGD3NE2","https://www.mturk.com",3,3,"thanks",4931,111191
ObjectID(5598fe5d7245664ccfd444a1),"Karush–Kuhn–Tucker conditions",2015-07-06T02:39:32.287Z,2,true,"A28X8BW3FST57Q","3MYYFCXHJ372WMM78GFK5W2B0QJ4GZ","3NBFJK3IOGH4EVZV1YPRVBDVJ3OOG0","https://www.mturk.com",3,3,"thanks",21155,99605
ObjectID(559835dd7245661158e4192c),"Latent Dirichlet allocation",2015-07-06T02:47:28.036Z,1,false,"AK7P0F2TL5WYG","3PWWM24LHSYD0T12L4K8K4OFSTA82R","3OLZC0DJ8IED06ENSYB8BFKJU9CVI0","https://www.mturk.com",1,1,"the subject is not clear and what is required to do is not clear and what anwser to be attempted not stated specifically hence can not make out anything",5749,251674
